{
  "version": "1.0",
  "defaultProvider": "cdnjs",
  "libraries": [
    {
      "library": "jquery-ajax-unobtrusive@3.2.6",
      "destination": "wwwroot/lib/jquery-ajax-unobtrusive/"
    },
    {
      "library": "toastr.js@2.1.4",
      "destination": "wwwroot/lib/toastr.js/"
    },
    {
      "library": "jquery-loading-overlay@2.1.7",
      "destination": "wwwroot/lib/jquery-loading-overlay/"
    },
    {
      "library": "font-awesome@5.15.3",
      "destination": "wwwroot/lib/font-awesome/"
    },
    {
      "library": "filepond@4.28.2",
      "destination": "wwwroot/lib/filepond/"
    },
    {
      "provider": "jsdelivr",
      "library": "filepond-plugin-file-validate-type@1.2.6",
      "destination": "wwwroot/lib/filepond-plugin-file-validate-type/"
    },
    {
      "library": "bootstrap-table@1.18.3",
      "destination": "wwwroot/lib/bootstrap-table/",
      "files": [
        "bootstrap-table.min.js",
        "bootstrap-table.min.css"
      ]
    }
  ]
}